ID,first_name,last_name,age,origin,birth_dates
1,Robyn,Ramsey,Female,Austria,1/21/1996
2,Quinn,Hall,Female,Pakistan,2/4/1968
3,Sienna,Morgan,Female,Belize,8/22/1986
4,Nicholas,Attwood,Male,Tonga,8/4/1957
5,Andie,Nelson,Female,Kazakhstan,4/11/1990
6,Amy,Randall,Female,Luxembourg,4/17/1965
7,Marie,King,Female,Afghanistan,3/5/1951
8,Peyton,Harper,Female,Romania,7/19/1987
9,Alan,Ventura,Male,Turkey,3/22/1998
10,Lucas,Thompson,Male,Angola,11/29/1956
11,Ilona,Hogg,Female,Mongolia,3/20/1960
12,Janice,Connell,Female,Antigua and Barbuda,3/5/1955
13,Marie,Partridge,Female,Rwanda,11/6/1980
14,Nicholas,Daniells,Male,Seychelles,1/10/1993
15,Mina,Gibbons,Female,Niger,10/28/1953
16,Jennifer,Crawley,Female,Sao Tome and Principe,3/21/1972
17,Harvey,Rogan,Male,Senegal,8/22/1964
18,Abdul,Nayler,Male,Lebanon,12/22/1953
19,Brooklyn,Jenkins,Female,Somalia,8/21/1977
20,Leanne,Edwards,Female,Dominica,7/6/1952
21,Bart,Locke,Male,Nepal,5/23/1994
22,Ramon,Stewart,Male,Burundi,1/31/1995
23,Mandy,Whatson,Female,Thailand,3/23/1962
24,Doug,Ross,Male,San Marino,6/26/1982
25,Owen,Lyon,Male,Vanuatu,12/30/1992
26,Benny,Gregory,Male,Turkey,9/6/1990
27,Cherish,Campbell,Female,Fiji,5/31/1965
28,Zara,Alexander,Female,Burundi,10/31/1991
29,Cedrick,Wright,Male,Mauritius,4/22/1972
30,Nina,Lynn,Female,Colombia,7/27/1953
31,Savannah,Irving,Female,Qatar,10/2/1968
32,Kate,Craig,Female,Jordan,12/18/1964
33,Chad,Reyes,Male,Hungary,3/10/1978
34,Abdul,Utterson,Male,"Sudan, South",11/17/2000
35,Rachael,Sawyer,Female,Jamaica,5/11/1952
36,Charlize,Oakley,Female,Mexico,2/5/1962
37,Sebastian,Overson,Male,Tonga,11/7/1998
38,Daniel,Curtis,Male,Uganda,1/23/1988
39,Charlotte,Herbert,Female,Papua New Guinea,8/25/1968
40,Chloe,Gates,Female,United Arab Emirates,1/23/1967
41,Clint,Sylvester,Male,Nigeria,12/18/1969
42,Rufus,Wigley,Male,Kuwait,5/10/1985
43,Mason,Stone,Male,Malta,8/3/1990
44,Chelsea,Yarlett,Female,Iceland,6/21/1996
45,Denny,Dempsey,Male,Zimbabwe,9/6/1973
46,Tom,Olivier,Male,Slovakia,6/14/1971
47,Caydence,Ryan,Female,Kiribati,6/3/1978
48,Chester,Knott,Male,Mali,3/7/1979
49,Deborah,Simmons,Female,Georgia,6/5/1951
50,Ally,Benson,Female,Latvia,8/6/1992
51,Joyce,Rixon,Female,Lebanon,3/4/1953
52,Ethan,Hamilton,Male,Antigua and Barbuda,4/14/1961
53,Michael,Cooper,Male,San Marino,8/19/1967
54,Matthew,Taylor,Male,Finland,3/27/1982
55,Lucy,Gibson,Female,Haiti,8/8/1974
56,Rick,Oatway,Male,Romania,10/7/1962
57,Russel,Mcguire,Male,China,7/15/1962
58,Analise,Carter,Female,Colombia,2/23/1999
59,Chris,Huggins,Male,Iraq,3/6/1968
60,Hailey,Bradshaw,Female,Qatar,7/3/1997
61,Rufus,Snell,Male,Slovakia,4/23/1957
62,Jayden,Penn,Male,Russia,6/18/1981
63,Gil,Swift,Male,Saint Vincent and the Grenadines,2/10/1969
64,Benny,Marshall,Male,Comoros,10/29/1978
65,Johnathan,Rivers,Male,Papua New Guinea,11/13/1980
66,Jayden,Russel,Male,Congo,6/3/1960
67,Percy,Avery,Male,Equatorial Guinea,11/10/1984
68,Tyson,Hall,Male,Burkina Faso,1/17/1998
69,Anabelle,Roman,Female,USA,9/29/1954
70,Ryan,Redfern,Male,Austria,12/30/1959
71,Rose,Mitchell,Female,Lesotho,3/29/1963
72,Harry,Fox,Male,Tuvalu,7/26/1972
73,Angela,Corbett,Female,Uzbekistan,6/9/1983
74,Nicholas,Randall,Male,Grenada,7/1/1953
75,Judith,Quinn,Female,Palau,5/8/1985
76,Mavis,Driscoll,Female,Thailand,1/6/1976
77,Luna,Underhill,Female,Botswana,3/28/1993
78,Nick,Thorne,Male,Grenada,9/2/1988
79,Julius,Dixon,Male,Libya,12/26/1960
80,Carolyn,Bentley,Female,The Gambia,7/7/1996
81,Fred,Phillips,Male,Poland,6/30/1969
82,Mina,Dallas,Female,Dominica,2/6/1992
83,Josh,Selby,Male,Maldives,3/12/1990
84,Gina,Goodman,Female,Djibouti,1/16/1981
85,Bree,Mcgee,Female,Burkina Faso,9/6/1971
86,Gabriel,Hamilton,Male,The Gambia,5/10/1994
87,Ilona,Walker,Female,Suriname,7/28/1977
88,Vicky,Lewis,Female,Malaysia,2/21/1987
89,Macy,Miller,Female,Comoros,11/29/1982
90,Agnes,Harris,Female,Antigua and Barbuda,10/26/1969
91,Anthony,Cameron,Male,Mali,5/26/1981
92,Camellia,Wilson,Female,Micronesia,10/18/1997
93,William,Armstrong,Male,Algeria,7/21/1999
94,Barney,Eddison,Male,Macedonia,8/7/1972
95,Susan,Emmott,Female,Azerbaijan,5/7/1999
96,Skylar,Simpson,Female,Somalia,2/6/1990
97,Denis,Rowe,Male,India,1/9/1984
98,Bryce,Tate,Female,Micronesia,2/15/1973
99,Benjamin,Waterhouse,Male,Austria,10/12/2000
100,Megan,Carter,Female,Sri Lanka,7/23/2000
101,Ethan,Baxter,Male,El Salvador,8/4/1970
102,Alison,Mooney,Female,Benin,5/3/1958
103,Carter,Downing,Male,Spain,7/4/1976
104,Eduardo,Holmes,Male,Lebanon,2/12/1988
105,Blake,Cadman,Female,Lebanon,7/3/1986
106,Jules,Emmett,Female,Equatorial Guinea,12/19/1968
107,Chad,Shields,Male,Bhutan,9/24/1983
108,Sabrina,Gibson,Female,Mozambique,12/30/1991
109,Matt,Attwood,Male,Guinea,6/2/1993
110,Melody,Graves,Female,Cambodia,10/13/1997
111,Peter,Rees,Male,Luxembourg,2/12/1973
112,Beatrice,Preston,Female,New Zealand,10/4/1960
113,Benjamin,Newton,Male,Morocco,10/26/1991
114,Javier,Saunders,Male,Philippines,7/19/1952
115,Josh,Bright,Male,Belarus,1/11/1953
116,Aiden,Stubbs,Male,Malawi,9/12/1957
117,Percy,Page ,Male,Latvia,5/12/1968
118,Oliver,Drummond,Male,Lesotho,6/7/1993
119,Nate,Reid,Male,Luxembourg,3/5/1962
120,Priscilla,Corbett,Female,Colombia,1/24/1976
121,Nathan,Howard,Male,Azerbaijan,3/17/1965
122,Susan,Khan,Female,Côte d’Ivoire,1/28/1978
123,Eden,Malone,Female,Liberia,6/24/1979
124,Chad,Knott,Male,Syria,2/11/1965
125,Sharon,Nobbs,Female,Egypt,3/26/1990
126,Erick,Morris,Male,Equatorial Guinea,4/19/1964
127,Julian,Vallins,Male,Marshall Islands,10/22/1973
128,Leilani,Lane,Female,Barbados,10/3/1968
129,Danny,Ebbs,Male,Botswana,3/29/1951
130,Mark,Alexander,Male,United Arab Emirates,12/1/1965
131,Camellia,Stone,Female,Greece,10/25/1992
132,Adelaide,Steer,Female,Maldives,3/17/1963
133,Dorothy,Saunders,Female,Angola,5/28/1969
134,Vicky,Gilbert,Female,Venezuela,4/22/1963
135,Doug,Downing,Male,United Kingdom,3/31/1964
136,Maya,Ralph,Female,Chad,1/20/1991
137,Javier,Yard,Male,Saint Vincent and the Grenadines,5/13/1963
138,Regina,Weston,Female,Central African Republic,4/3/1993
139,Chadwick,Holmes,Male,San Marino,4/24/1993
140,Sage,Morley,Female,Chile,6/14/1960
141,Carrie,Calderwood,Female,Ghana,9/16/1974
142,Kieth,Richards,Male,Canada,6/29/1999
143,Manuel,Ward,Male,Armenia,5/23/1972
144,Danny,Rowe,Male,Ireland,4/20/1983
145,Jayden,Gosling,Male,Nicaragua,7/9/1980
146,Ruby,Sawyer,Female,"Sudan, South",10/6/1990
147,Peter,Cunningham,Male,Tuvalu,12/16/1983
148,Harmony,Logan,Female,Luxembourg,10/9/1984
149,Noah,Tanner,Male,United Arab Emirates,8/2/1953
150,Monica,Baker,Female,Zambia,4/12/1955
151,Noah,Rowan,Male,Dominica,7/4/1967
152,Denis,Mould,Male,Trinidad and Tobago,8/26/1964
153,Isabella,Evans,Female,Lebanon,11/20/1983
154,Martha,Amstead,Female,Uzbekistan,6/23/1953
155,Cedrick,Hale,Male,France,2/10/1950
156,Camila,Carson,Female,Burundi,2/16/1992
157,Mayleen,Hudson,Female,Austria,4/8/1980
158,Chad,Herbert,Male,Uruguay,8/21/1964
159,Josephine,Durrant,Female,Algeria,12/27/1972
160,Maxwell,Seymour,Male,Sierra Leone,11/25/1975
161,Doug,Benson,Male,The Bahamas,6/3/1996
162,Josh,Douglas,Male,Sweden,4/22/1994
163,Alexander,Cadman,Male,Kyrgyzstan,4/3/1977
164,Mike,Adler,Male,Croatia,5/7/1969
165,Jane,Kennedy,Female,Malta,7/29/1979
166,Tom,Hudson,Male,Kiribati,12/15/1950
167,Leanne,Donnelly,Female,Panama,4/18/1955
168,Sage,Edwards,Female,Poland,5/6/1970
169,Carl,Reid,Male,Turkmenistan,9/22/1970
170,Chuck,Vincent,Male,Venezuela,11/21/1970
171,Rufus,Taylor,Male,Qatar,2/20/1980
172,Lucy,Nayler,Female,Mauritania,5/2/1951
173,Mike,Russel,Male,Slovenia,11/19/1960
174,Alice,Glynn,Female,Netherlands,2/24/1983
175,George,Eastwood,Male,Guinea,5/25/1976
176,Victoria,Brett,Female,Iran,2/10/1983
177,Vicky,Lewis,Female,Sri Lanka,1/23/1996
178,Noah,Fisher,Male,The Bahamas,1/13/1980
179,Sebastian,Ross,Male,Panama,2/10/1966
180,Anthony,Brooks,Male,Belize,9/29/1952
181,Catherine,Walsh,Female,Georgia,8/12/1958
182,Marla,Rowan,Female,Azerbaijan,4/1/1954
183,Melania,Adams,Female,Georgia,5/26/1984
184,Nathan,Becker,Male,Oman,3/22/1950
185,Marissa,Redwood,Female,Haiti,8/21/1998
186,Noah,Kennedy,Male,Jordan,8/6/1985
187,Elise,Nash,Female,East Timor (Timor-Leste),9/3/1963
188,Carl,Bradshaw,Male,Angola,11/8/1989
189,Sebastian,Mccormick,Male,Lebanon,6/5/1992
190,Chadwick,Gunn,Male,Burkina Faso,5/20/1976
191,Nick,Gaynor,Male,Jamaica,6/21/1963
192,Gladys,Roman,Female,Senegal,6/22/1956
193,Juliet,Tindall,Female,Ethiopia,5/21/1968
194,Cara,Robinson,Female,Tajikistan,5/30/1967
195,Doris,Kelly,Female,Cameroon,12/12/1967
196,Dalia,Casey,Female,Armenia,3/20/1998
197,Marjorie,Higgs,Female,Turkey,1/3/1976
198,Daron,Ellis,Male,Guatemala,8/17/1976
199,Manuel,Moss,Male,Sri Lanka,11/19/1955
200,Josh,Fox,Male,Ethiopia,10/14/1959
201,Harvey,Welsch,Male,Sierra Leone,9/9/1974
202,Roger,Nicholls,Male,The Bahamas,7/6/1950
203,Mason,Gordon,Male,The Bahamas,10/25/1976
204,Brad,Hogg,Male,Vietnam,5/23/1972
205,Savannah,Duvall,Female,Montenegro,11/12/1952
206,Julian,Denton,Male,Singapore,5/2/1966
207,Doug,Hale,Male,Tuvalu,1/14/1967
208,Jacob,Power,Male,Argentina,1/10/1996
209,Macy,Hill,Female,Ireland,4/7/1974
210,Logan,Murphy,Male,Mongolia,3/24/1986
211,Maria,Sherwood,Female,Tunisia,1/15/1971
212,Kaylee,Weatcroft,Female,"Korea, North",3/8/1988
213,Logan,Hepburn,Male,Cyprus,1/2/1983
214,Hannah,Robe,Female,Ecuador,1/9/1965
215,Martin,Newman,Male,Saudi Arabia,3/31/1957
216,Clint,Skinner,Male,Guyana,1/27/1950
217,Peter,Becker,Male,Iceland,2/2/1963
218,Caleb,Larsen,Male,Australia,9/12/1955
219,Adina,Ingham,Female,Vietnam,4/2/1990
220,Marvin,Griffiths,Male,Czech Republic,11/11/1978
221,Marla,Payne,Female,Togo,5/13/1964
222,Carl,Rothwell,Male,Central African Republic,11/12/1954
223,Clint,Thomas,Male,Panama,1/7/1991
224,Mayleen,Dale,Female,Montenegro,6/18/1976
225,Gil,Fox,Male,Philippines,6/27/1998
226,Skylar,Walsh,Female,Nauru,11/3/1983
227,George,Vaughn,Male,Swaziland,5/22/1984
228,Jacob,Ballard,Male,Czech Republic,5/6/1951
229,Julius,Radcliffe,Male,Denmark,3/28/1959
230,Naomi,Williams,Female,Australia,5/21/1963
231,Caleb,Yard,Male,Luxembourg,12/16/1971
232,Mason,Vaughn,Male,Bulgaria,2/1/1985
233,Beatrice,Robinson,Female,Egypt,3/5/1993
234,Denny,Yard,Male,Haiti,10/27/1982
235,Daria,Forth,Female,Moldova,4/2/1992
236,Angel,Lewin,Female,Vanuatu,3/7/1958
237,Rosie,Shields,Female,Samoa,3/31/1981
238,Samantha,Tennant,Female,Eritrea,1/26/1989
239,Isabella,Walton,Female,Japan,10/9/1991
240,Savannah,Doherty,Female,Lebanon,8/26/1970
241,Renee,Farrell,Female,Belgium,11/25/1986
242,Bethany,Ralph,Female,Singapore,1/7/1987
243,Maia,Coll,Female,Grenada,10/6/1989
244,Vicky,Milner,Female,Switzerland,5/1/1952
245,Sofia,Rees,Female,Burkina Faso,7/18/1976
246,Aurelia,Saunders,Female,Cameroon,10/21/1996
247,Ruby,Vallory,Female,Cabo Verde,1/5/1991
248,Anais,Healy,Female,Zambia,11/13/1951
249,Chelsea,Walsh,Female,Vatican City,10/19/1977
250,Joseph,Ebden,Male,Tanzania,10/23/1969
251,Caitlyn,Mcneill,Female,Spain,12/26/1980
252,Payton,Shepherd,Female,Costa Rica,8/16/1981
253,Marissa,Allen,Female,Bahrain,6/12/2000
254,Nate,Alexander,Male,Romania,9/27/1964
255,Peter,Morris,Male,Switzerland,8/28/1979
256,Marilyn,Armstrong,Female,San Marino,8/20/1962
257,Nicholas,Davies,Male,Liechtenstein,3/22/1999
258,Candice,Harris,Female,Eritrea,1/22/1978
259,Enoch,Thorpe,Male,Afghanistan,7/18/1982
260,Russel,Blythe,Male,Suriname,10/26/1958
261,Maria,Forth,Female,France,9/30/1950
262,Sloane,Edley,Female,Liechtenstein,5/2/1989
263,Daniel,Clifton,Male,Ghana,8/20/1985
264,Matthew,Bradley,Male,Sierra Leone,5/19/1977
265,Faith,Harrington,Female,Tuvalu,3/8/1964
266,Rick,Nicolas,Male,Bosnia and Herzegovina,2/9/1983
267,Danny,Herbert,Male,Burundi,3/12/1981
268,Jackeline,Freeburn,Female,Samoa,1/18/1993
269,Nathan,Blackwall,Male,Côte d’Ivoire,4/1/1968
270,Doug,Chapman,Male,Uzbekistan,5/1/1958
271,Denny,Power,Male,Sweden,11/12/1976
272,Harry,Locke,Male,Guinea-Bissau,12/18/1973
273,Christy,Doherty,Female,Saudi Arabia,9/10/1973
274,Noah,Smith,Male,Laos,7/17/1950
275,Samantha,Weatcroft,Female,Japan,4/6/1974
276,Freya,Clark,Female,Chad,11/28/1955
277,Johnathan,Attwood,Male,Pakistan,10/14/1958
278,Clint,Wilkinson,Male,Oman,9/16/1972
279,Michael,Thomson,Male,Latvia,8/28/1982
280,Enoch,Murray,Male,Myanmar,10/13/1985
281,Oliver,Martin,Male,Mongolia,7/1/2000
282,Erick,Johnson,Male,Malta,3/7/1968
283,Kaylee,Fox,Female,New Zealand,10/19/1989
284,Brad,Lewis,Male,Nicaragua,8/6/1957
285,Vera,Smith,Female,Mongolia,12/20/1968
286,Matthew,Salt,Male,Kenya,10/3/1963
287,Sabina,Eastwood,Female,Eritrea,2/4/1993
288,Barney,Shaw,Male,Indonesia,9/22/1989
289,Rufus,Varndell,Male,Moldova,6/1/1981
290,Roger,Parsons,Male,Monaco,5/6/1977
291,Cedrick,Mitchell,Male,Uganda,12/6/1970
292,Monica,Samuel,Female,San Marino,7/21/1954
293,Belinda,Todd,Female,Bangladesh,10/26/1950
294,Kieth,Johnson,Male,Armenia,3/13/1988
295,Cedrick,Spencer,Male,"Korea, North",10/6/1951
296,Marvin,Thatcher,Male,Azerbaijan,3/24/1994
297,Liam,Phillips,Male,Montenegro,5/13/2000
298,Phillip,Rowan,Male,Palau,10/20/1995
299,Harry,Sinclair,Male,France,10/26/1973
300,Juliette,Clark,Female,Equatorial Guinea,7/25/1955
301,Mason,Lakey,Male,Italy,5/6/1951
302,Cedrick,Mcguire,Male,Turkmenistan,3/2/1961
303,Maggie,Johnson,Female,Canada,10/9/1957
304,Daron,Adams,Male,Hungary,9/2/1975
305,Harry,Gray,Male,Mauritius,3/7/1968
306,Roger,Cox,Male,Luxembourg,1/20/1970
307,Carmella,Emerson,Female,Croatia,11/20/1986
308,Bob,Booth,Male,Tunisia,7/27/1969
309,Erin,Vallory,Female,Uganda,7/15/1986
310,Vera,Bailey,Female,Vatican City,3/6/1956
311,Alison,Norman,Female,Iraq,6/8/1960
312,Miley,Andrews,Female,Hungary,12/9/1972
313,Lorraine,Abbot,Female,The Bahamas,11/18/1988
314,Lindsay,Butler,Female,France,4/25/1967
315,Owen,Rowlands,Male,Solomon Islands,6/17/1965
316,Jamie,Waterhouse,Female,Cambodia,1/18/1960
317,Henry,Moreno,Male,Ecuador,1/5/1977
318,Vicky,Simmons,Female,Philippines,12/21/1980
319,Christine,Waterson,Female,Kuwait,6/7/1980
320,Janelle,Farmer,Female,Canada,7/22/1983
321,Leilani,Wigley,Female,Togo,2/8/1971
322,Benjamin,Coll,Male,Paraguay,5/3/1985
323,Danny,Spencer,Male,Colombia,6/16/1995
324,Mavis,Connor,Female,France,2/26/1978
325,Oliver,Pearce,Male,Estonia,3/30/1999
326,Aiden,Wright,Male,Romania,10/23/1970
327,Marla,Thomson,Female,Congo,4/22/1996
328,Nathan,Bishop,Male,Costa Rica,12/4/1955
329,Sabina,Gibbons,Female,Armenia,11/21/1958
330,Wade,John,Male,Poland,11/15/1998
331,Morgan,Turner,Female,Central African Republic,10/26/1986
332,Bridget,Boyle,Female,Brazil,6/25/1991
333,Hailey,Nanton,Female,Vatican City,3/19/1972
334,Regina,Burnley,Female,Iceland,9/11/1996
335,Luke,Donovan,Male,Slovenia,5/4/1959
336,Eileen,Allcott,Female,Malawi,6/22/1986
337,Cameron,Darcy,Female,Guinea,3/6/1989
338,Michaela,Raven,Female,Nicaragua,3/23/1973
339,Molly,Martin,Female,Antigua and Barbuda,2/14/1958
340,Livia,Willis,Female,Liechtenstein,12/3/1975
341,Greta,Farrant,Female,"Korea, North",10/22/1973
342,Rick,Asher,Male,Iran,5/8/1984
343,Julian,Ellwood,Male,Botswana,1/9/1965
344,Rosalie,Vaughan,Female,Qatar,9/25/1992
345,Ron,Anderson,Male,Malawi,12/2/1983
346,Ivette,Walker,Female,Kenya,9/9/1994
347,Nicole,Veale,Female,Georgia,9/9/1996
348,Ethan,Newman,Male,Nigeria,3/12/1982
349,Oliver,Greenwood,Male,Tonga,11/8/1954
350,Ema,Donovan,Female,Morocco,10/31/1973
351,Lucas,Morgan,Male,Congo,4/17/1959
352,Joyce,Lowe,Female,Djibouti,8/29/1951
353,Camila,Edwards,Female,Thailand,10/29/1958
354,Barry,Wilkinson,Male,Nauru,8/23/1989
355,Grace,Middleton,Female,Bangladesh,7/11/1972
356,Jayden,Forester,Male,Bangladesh,3/24/1954
357,Louise,Vaughan,Female,Oman,3/19/1994
358,Luke,Purvis,Male,Iraq,6/19/1975
359,Joyce,Kelly,Female,China,12/28/1975
360,Gil,Stanley,Male,Kosovo,7/20/1955
361,Ema,Oakley,Female,Suriname,3/24/1981
362,Nathan,Robe,Male,Rwanda,10/15/1989
363,Tyson,Edmonds,Male,"Congo, Republic of the",5/3/1952
364,Tyler,Kidd,Male,Uruguay,5/26/1954
365,Barney,Howard,Male,Croatia,12/10/1959
366,Kieth,Williams,Male,Syria,6/5/1979
367,Daniel,Robe,Male,Uzbekistan,12/26/1972
368,Christy,Fowler,Female,Croatia,10/4/1989
369,Jules,Rodgers,Female,Taiwan,2/20/1967
370,Jayden,Dowson,Male,Hungary,7/6/1993
371,Johnathan,Gray,Male,Afghanistan,12/11/1995
372,Barry,Ross,Male,Sri Lanka,12/7/1972
373,Mabel,Yang,Female,Tonga,4/29/1955
374,Tom,Mann,Male,South Africa,7/21/1985
375,Rocco,Owens,Male,Angola,1/26/1956
376,Rick,Torres,Male,South Africa,3/8/1962
377,John,Collis,Male,Qatar,8/1/1962
378,Miley,Gosling,Female,Ireland,9/7/1956
379,Oliver,Cooper,Male,Montenegro,2/20/1960
380,Camila,Janes,Female,Georgia,9/4/1950
381,Mark,Thomas,Male,Marshall Islands,5/16/1975
382,Nathan,Clarke,Male,USA,9/11/1976
383,Tyler,Wade,Male,Madagascar,10/29/1983
384,Nate,Powell,Male,Norway,2/22/1963
385,Kieth,Ralph,Male,Kosovo,3/14/1994
386,Alexander,Roberts,Male,Venezuela,12/20/1956
387,Cassidy,Benfield,Female,Armenia,4/10/1986
388,Ethan,Shepherd,Male,Costa Rica,5/24/1997
389,Elena,Long,Female,Vietnam,12/15/1982
390,Barry,Ellis,Male,Bangladesh,10/20/1967
391,Clint,Reid,Male,Paraguay,5/21/1997
392,Mina,Ianson,Female,Djibouti,12/24/1956
393,Jack,Giles,Male,Russia,4/19/1990
394,Jennifer,Cowan,Female,Niger,5/27/1985
395,Freya,Willson,Female,Suriname,8/11/1959
396,Brad,Seymour,Male,Gabon,4/17/1967
397,Anthony,Lindsay,Male,Laos,6/5/1978
398,Cassidy,Olson,Female,Chile,12/1/1968
399,Michael,Huggins,Male,Guinea,2/26/1962
400,George,Aldridge,Male,Chile,12/12/1954
401,Rufus,Vane,Male,Cuba,12/18/1961
402,Chester,Pierce,Male,Myanmar,6/25/1992
403,Joseph,Stone,Male,Zimbabwe,3/22/1976
404,Kimberly,Hamilton,Female,"Korea, North",1/30/1995
405,Teagan,Young,Female,Costa Rica,12/3/1970
406,Benny,Allen,Male,Libya,4/2/1983
407,Vera,Newton,Female,Azerbaijan,8/21/1996
408,Charlize,Hunt,Female,Saint Vincent and the Grenadines,1/18/1950
409,Aiden,Rainford,Male,Iraq,9/21/1964
410,Kieth,Wren,Male,Belize,8/29/1973
411,Carolyn,Hill,Female,Andorra,6/21/1988
412,Harvey,Simmons,Male,Suriname,12/14/1974
413,Rick,Bullock,Male,Lebanon,3/19/1987
414,Mayleen,Fenton,Female,Saint Lucia,8/18/1975
415,Tyler,Quinn,Male,Ethiopia,5/27/1956
416,Alessandra,Jackson,Female,Qatar,11/22/1961
417,Barney,Redfern,Male,Guyana,1/3/1995
418,Boris,Brock,Male,India,11/27/1995
419,Kate,Davies,Female,Cyprus,11/17/1961
420,Parker,Dale,Female,Congo,4/10/1997
421,Denis,Tindall,Male,Tajikistan,2/6/1961
422,Alan,Boden,Male,Marshall Islands,7/18/1988
423,Logan,Bradley,Male,Kosovo,9/1/1952
424,Marigold,Partridge,Female,Marshall Islands,10/22/1982
425,Harry,Donnelly,Male,Sudan,5/25/1963
426,Tyson,Lambert,Male,Armenia,8/30/1959
427,Angela,Taylor,Female,Tanzania,7/25/1990
428,Julius,Wise,Male,Azerbaijan,11/30/1968
429,Sydney,Redwood,Female,Tunisia,9/12/1962
430,Tess,Emerson,Female,Norway,1/28/1963
431,Carla,Leslie,Female,Hungary,12/20/1972
432,Vanessa,Bullock,Female,South Africa,8/1/1991
433,Phoebe,Griffiths,Female,Brunei,1/6/1977
434,Anthony,Jackson,Male,Greece,10/17/1968
435,Ron,Allington,Male,Russia,3/29/1960
436,Robyn,Wright,Female,Bangladesh,5/2/1970
437,Britney,Noach,Female,Saint Kitts and Nevis,6/6/1967
438,Tiffany,John,Female,Cabo Verde,4/11/1965
439,Greta,Brock,Female,Trinidad and Tobago,8/20/1986
440,Lexi,Knott,Female,Burkina Faso,9/24/1979
441,Ramon,Stuart,Male,Rwanda,8/24/1974
442,Maxwell,Vollans,Male,Ghana,12/29/1966
443,Jaylene,Knight,Female,Sierra Leone,7/16/1987
444,Matthew,Rowan,Male,Latvia,10/28/1973
445,Tiffany,Drew,Female,Kyrgyzstan,9/9/1993
446,Tara,Knight,Female,Mozambique,7/21/1962
447,Chloe,Clifford,Female,Bolivia,2/21/1977
448,Russel,Blackburn,Male,Hungary,6/7/1987
449,Ronald,Vollans,Male,Austria,9/1/1971
450,Nicole,Callan,Female,Iran,5/18/1972
451,Madison,Walker,Female,Burkina Faso,8/24/1980
452,Janelle,Stevens,Female,Malta,8/29/1992
453,Teagan,Reese,Female,Honduras,3/21/1952
454,Amy,Kelly,Female,Suriname,3/6/1950
455,Jade,Whittle,Female,Mozambique,5/21/1997
456,Camellia,Cobb,Female,Mauritius,8/23/1999
457,Jayden,Connell,Male,Kuwait,2/12/1960
458,Marvin,Button,Male,Myanmar,6/19/1998
459,Sebastian,Veale,Male,Zimbabwe,11/3/1990
460,Morgan,Nelson,Female,Cambodia,12/24/1988
461,Ember,Wilson,Female,Israel,1/27/1984
462,Brad,Wren,Male,Spain,12/24/1989
463,Hayden,Yarlett,Male,Papua New Guinea,7/12/1952
464,Colleen,Wright,Female,Japan,11/22/1987
465,Margot,Lane,Female,Macedonia,3/8/1985
466,Daniel,Hope,Male,Kosovo,10/22/1954
467,Henry,West,Male,Indonesia,3/5/1991
468,William,Thomson,Male,Ireland,6/21/1982
469,Bridget,Casey,Female,Albania,9/26/1950
470,Tom,Addley,Male,Dominican Republic,9/20/1953
471,Erick,Eastwood,Male,Libya,10/14/2000
472,Mason,Gilmour,Male,Serbia,1/1/1999
473,Denny,Needham,Male,Cyprus,4/1/1988
474,Hayden,Pearson,Male,Liberia,2/27/1965
475,Hayden,White,Female,Azerbaijan,8/27/1988
476,Sarah,James,Female,Brazil,8/8/1984
477,Chadwick,Lewis,Male,Latvia,11/10/1975
478,Adelaide,Morrow,Female,Mozambique,2/24/1999
479,Elijah,Truscott,Male,Qatar,2/16/1964
480,Danny,Forth,Male,Paraguay,9/15/1973
481,Barney,Faulkner,Male,Mauritania,3/16/1960
482,Melania,Andersson,Female,Lesotho,7/22/1994
483,Cristal,Simmons,Female,Guinea,1/30/1986
484,Wendy,Whinter,Female,France,3/26/1992
485,Denny,Wright,Male,Sweden,3/21/1962
486,Chuck,Knott,Male,Saint Kitts and Nevis,3/21/1978
487,Caleb,Jefferson,Male,Congo,3/17/1981
488,Tyson,Blackburn,Male,Portugal,9/23/1988
489,William,Tindall,Male,Argentina,5/20/1959
490,Mackenzie,Dubois,Female,Seychelles,2/17/1976
491,Anthony,Spencer,Male,The Gambia,6/10/1961
492,Chanelle,Whittle,Female,Central African Republic,10/7/1983
493,Juliette,Reynolds,Female,Uzbekistan,1/20/1956
494,Evie,Murray,Female,Turkmenistan,1/5/1972
495,Remy,Saunders,Female,France,8/18/1964
496,Darlene,Campbell,Female,Hungary,12/27/1988
497,Chester,Farrant,Male,Tuvalu,3/10/1953
498,Elijah,Stanton,Male,Mali,1/26/1999
499,Harvey,Clarke,Male,Micronesia,10/8/1962
500,Harvey,Booth,Male,Mongolia,12/9/1996
501,Melania,Villiger,Female,Uganda,1/8/1954
502,Elijah,Gibson,Male,Cuba,9/2/1951
503,Rocco,Murray,Male,United Kingdom,1/22/1959
504,Martin,Walton,Male,Australia,11/5/1998
505,Rihanna,Parker,Female,Botswana,8/20/1987
506,Peyton,Whitmore,Female,Vatican City,11/20/1954
507,Sylvia,Matthews,Female,Chad,7/13/1972
508,Maxwell,Powell,Male,Saint Kitts and Nevis,2/19/1967
509,Leroy,Aldridge,Male,Nicaragua,8/22/1975
510,Judith,Emmott,Female,Micronesia,4/17/1978
511,Carter,Snell,Male,Slovakia,6/7/2000
512,Manuel,Stevens,Male,Dominican Republic,2/18/1962
513,Kamila,Franks,Female,Cuba,10/29/1974
514,Julius,Allington,Male,Afghanistan,5/19/1963
515,Judith,Dempsey,Female,Angola,2/27/1972
516,Gemma,Rycroft,Female,Burkina Faso,5/30/1998
517,Candice,Boyle,Female,Honduras,6/19/1954
518,Harry,Page ,Male,Haiti,3/31/1960
519,Stephanie,Knott,Female,Guyana,5/14/1996
520,Faith,Horton,Female,Iraq,12/1/1960
521,Harmony,Speed,Female,Norway,7/7/1990
522,Mina,King,Female,Nicaragua,7/27/1955
523,Matt,Button,Male,Kiribati,6/9/1956
524,Christine,Plumb,Female,Ghana,2/10/1970
525,Gladys,Gunn,Female,Tuvalu,3/19/1994
526,Hailey,Hammond,Female,Cyprus,3/16/1985
527,Nate,Gray,Male,New Zealand,12/19/1965
528,Marina,Townend,Female,Angola,3/10/1963
529,Jayden,Scott,Male,Afghanistan,8/20/1978
530,Moira,Reyes,Female,Marshall Islands,9/28/1980
531,Janice,Judd,Female,Austria,5/19/1988
532,Marina,Osmond,Female,Egypt,12/29/1982
533,Manuel,Alexander,Male,Saudi Arabia,3/29/1988
534,Rick,Ebbs,Male,Bhutan,8/29/1956
535,Alma,James,Female,Mauritania,1/26/1974
536,Rufus,Alcroft,Male,Burkina Faso,10/27/1984
537,Javier,Brooks,Male,India,1/26/1994
538,Rita,Lloyd,Female,Romania,12/8/1965
539,Meredith,Brooks,Female,Brunei,7/27/1993
540,Ema,Douglas,Female,"Korea, South",6/24/1970
541,Drew,Murray,Female,Equatorial Guinea,3/22/1956
542,Aurelia,Eagle,Female,Saint Vincent and the Grenadines,10/28/1961
543,Paige,Morris,Female,Cameroon,6/30/1953
544,Marilyn,Harper,Female,The Bahamas,11/20/1953
545,Nicole,Thomson,Female,Jamaica,10/27/1973
546,Cassandra,Rose,Female,Taiwan,11/4/1950
547,Louise,Murphy,Female,Canada,12/7/1956
548,Aurelia,Leigh,Female,Syria,3/5/1969
549,Andrea,Mccall,Female,Laos,9/9/1995
550,Nancy,Weldon,Female,Cabo Verde,11/3/1957
551,Anne,Oakley,Female,Laos,2/4/2000
552,Natalie,Grant,Female,Micronesia,2/8/1957
553,Bernadette,Hunt,Female,Turkmenistan,8/9/1957
554,Melinda,Tutton,Female,Paraguay,5/4/1969
555,Kirsten,Ward,Female,Uruguay,4/17/1960
556,Emma,Waterhouse,Female,Micronesia,9/29/1989
557,Josephine,Fisher,Female,Antigua and Barbuda,10/5/1986
558,Aleksandra,Wright,Female,Brazil,3/1/1956
559,Sara,Weasley,Female,Vietnam,4/22/1965
560,Stephanie,Gray,Female,Vietnam,3/2/1974
561,Stella,Oliver,Female,Vanuatu,12/18/1975
562,Cassandra,Saunders,Female,Sri Lanka,2/27/1950
563,Jasmine,Brennan,Female,Angola,12/31/1960
564,Chloe,Adams,Female,Japan,5/16/1986
565,Cameron,Hudson,Female,Grenada,12/30/1977
566,Rosa,Bowen,Female,Ethiopia,11/30/1975
567,Adelaide,Edley,Female,Eritrea,11/6/1970
568,Courtney,Boden,Female,"Korea, North",2/1/1975
569,Rosalie,Randall,Female,Uganda,8/6/1980
570,Crystal,Stone,Female,Fiji,4/4/1994
571,Stacy,Coleman,Female,Sierra Leone,10/11/1958
572,Molly,Kent,Female,Tunisia,8/4/1969
573,Angelina,Wild,Female,Congo,8/5/1981
574,Lillian,Dixon,Female,Serbia,6/21/1968
575,Liliana,Page ,Female,El Salvador,7/19/1961
576,Ciara,Phillips,Female,Saint Lucia,1/14/1987
577,Victoria,Utterson,Female,Brunei,3/28/1958
578,Francesca,Walsh,Female,Uruguay,7/1/1958
579,Lily,Garcia,Female,Liberia,1/26/1991
580,Sofia,Nash,Female,Jamaica,12/12/1973
581,Sarah,Emmett,Female,Gabon,11/26/1971
582,Jazmin,Connor,Female,Andorra,4/8/1954
583,Penny,Mcguire,Female,Vatican City,11/30/1959
584,Doris,Bloom,Female,Nicaragua,5/13/1997
585,Camellia,Bloom,Female,Uruguay,4/17/1996
586,Monica,Nash,Female,Sao Tome and Principe,11/10/1993
587,Carolyn,Robe,Female,Guyana,7/5/1989
588,Stella,Cameron,Female,Nigeria,7/7/1957
589,Gwen,Selby,Female,Vanuatu,10/27/1986
590,Gwenyth,Crawford,Female,Morocco,9/30/1965
591,Julia,Graves,Female,Mexico,6/13/1960
592,Skylar,Chadwick,Female,Mozambique,7/21/1986
593,Angel,Whitehouse,Female,Papua New Guinea,4/1/2000
594,Jules,Baldwin,Female,Canada,12/25/1991
595,Cristal,Weatcroft,Female,Chad,9/27/1984
596,Emmanuelle,Jenkin,Female,Vatican City,3/18/2000
597,Cherish,Thomson,Female,Guinea-Bissau,8/12/1973
598,Sage,Jeffery,Female,Pakistan,8/31/1979
599,Ally,Alldridge,Female,Oman,5/17/1979
600,Evelynn,Penn,Female,Kyrgyzstan,10/10/1959
601,Shannon,Russell,Female,Senegal,11/29/1953
602,Alma,Abbey,Female,El Salvador,3/10/1961
603,Courtney,Kelly,Female,Poland,2/10/1981
604,Gwenyth,Sylvester,Female,Iceland,4/8/1993
605,Aurelia,Flanders,Female,Andorra,3/29/1954
606,Cecilia,Lakey,Female,Montenegro,9/9/1986
607,Eve,Neville,Female,Austria,1/20/1974
608,Melody,Adams,Female,Congo,4/19/1966
609,Rae,Fisher,Female,Saint Vincent and the Grenadines,4/26/1999
610,Martha,Tyrrell,Female,Andorra,2/16/1985
611,Marina,Gilbert,Female,Samoa,7/28/1960
612,Dasha,Dempsey,Female,Kazakhstan,11/30/1982
613,Emery,Edley,Female,Netherlands,7/6/1980
614,Charlize,Hall,Female,Israel,3/14/1997
615,Molly,Clark,Female,Nauru,8/10/1972
616,Marigold,Preston,Female,Kiribati,7/10/1967
617,Agnes,Martin,Female,Belize,1/27/1986
618,Sloane,Addison,Female,Swaziland,2/11/1993
619,Mayleen,Bryant,Female,Italy,3/13/1998
620,Hailey,Reynolds,Female,Ghana,3/31/1977
621,Marigold,Rowe,Female,Lebanon,8/6/1984
622,Jocelyn,Brock,Female,Jamaica,6/14/1963
623,Angelique,Rigg,Female,Albania,11/22/1958
624,Aisha,Lloyd,Female,Sri Lanka,6/12/1987
625,Stella,Bell,Female,Pakistan,11/7/1990
626,Elise,Gaynor,Female,Monaco,7/26/1999
627,Maria,Atkinson,Female,Kosovo,7/6/1973
628,Chanelle,Driscoll,Female,Sweden,3/27/1985
629,Destiny,Notman,Female,Peru,6/30/1974
630,Dalia,Penn,Female,Sierra Leone,1/26/1981
631,Emmanuelle,Jarvis,Female,Papua New Guinea,7/1/1989
632,Deborah,Eaton,Female,Spain,9/29/1981
633,Candice,Forth,Female,Lebanon,2/25/1970
634,Daphne,Daniells,Female,Kosovo,2/24/1987
635,Adelaide,Drake,Female,Benin,6/23/1993
636,Marie,Hooper,Female,Trinidad and Tobago,3/4/1994
637,Brooklyn,Rees,Female,"Congo, Republic of the",5/23/1993
638,Nina,Wills,Female,Togo,2/19/1955
639,Camellia,Townend,Female,Burkina Faso,12/10/1979
640,Louise,Bowen,Female,Côte d’Ivoire,3/21/1971
641,Jamie,Thatcher,Female,Tuvalu,4/14/1965
642,Jasmine,Silva,Female,Madagascar,11/26/1985
643,Makena,Jennson,Female,Mexico,7/23/1965
644,Alison,Styles,Female,Bhutan,1/8/1979
645,Evie,Bloom,Female,Botswana,3/22/1968
646,Catherine,Evans,Female,Slovenia,8/1/1991
647,Amelia,Holmes,Female,Norway,7/2/1961
648,Kamila,Shelton,Female,Algeria,10/8/1977
649,Noemi,Brennan,Female,Greece,10/23/1960
650,Eileen,Snell,Female,Lesotho,6/28/1980
651,Susan,Flanders,Female,Seychelles,3/30/1954
652,Violet,Amstead,Female,Madagascar,10/30/1956
653,Tania,Rehman,Female,Tuvalu,1/14/1962
654,Sabina,Fields,Female,Kiribati,11/2/1985
655,Lily,Ainsworth,Female,Libya,6/5/1999
656,Gladys,Andrews,Female,Myanmar,11/30/1962
657,Lindsay,Todd,Female,Botswana,4/24/1973
658,Chanelle,Clark,Female,Niger,10/9/1977
659,Havana,Olson,Female,Guinea-Bissau,6/19/1968
660,Elena,Emmett,Female,Mauritius,10/7/1989
661,Winnie,Fisher,Female,Chile,12/2/1970
662,Rachael,Cooper,Female,Côte d’Ivoire,12/1/1953
663,Lindsay,Holmes,Female,Sweden,8/27/1971
664,Callie,Carter,Female,Saint Vincent and the Grenadines,7/22/1973
665,Florence,Tennant,Female,Nigeria,9/28/1961
666,Belinda,Curtis,Female,Cabo Verde,5/12/1963
667,Piper,Potter,Female,Guinea-Bissau,12/24/1995
668,Jules,Saunders,Female,Myanmar,7/24/1955
669,Mackenzie,Paterson,Female,Cuba,1/16/1978
670,Cameron,Furnell,Female,Algeria,8/16/1994
671,Marjorie,Harrison,Female,El Salvador,8/29/1958
672,Daria,Robinson,Female,Myanmar,6/12/1997
673,Norah,Yarwood,Female,Burundi,12/29/1965
674,Anne,Noon,Female,Tajikistan,3/17/1966
675,Carissa,Farrant,Female,United Arab Emirates,3/14/1996
676,Olivia,Crawford,Female,Senegal,12/5/1972
677,Margaret,Yard,Female,Mali,3/3/1990
678,Vera,Dale,Female,Latvia,10/5/1992
679,Mackenzie,Wooldridge,Female,Suriname,9/12/1957
680,Daphne,Lynch,Female,Montenegro,2/26/1960
681,Ruth,Ventura,Female,Libya,10/6/1982
682,Grace,Casey,Female,Fiji,3/28/1970
683,Rosalee,Thorpe,Female,Guinea-Bissau,8/8/1976
684,Judith,Reynolds,Female,Macedonia,12/18/1977
685,Callie,Parsons,Female,Dominican Republic,10/4/1973
686,Carolyn,Lyon,Female,Honduras,12/11/1959
687,Meredith,Redden,Female,Andorra,10/6/1970
688,Adela,Daniells,Female,Kyrgyzstan,10/20/1968
689,Valentina,Thomson,Female,Madagascar,8/3/1964
690,Emely,Robinson,Female,Slovenia,10/30/1969
691,Cameron,Smith,Female,Uzbekistan,3/23/1963
692,Julianna,Flanders,Female,Qatar,4/6/1983
693,Hailey,Mackenzie,Female,Tanzania,5/15/1981
694,Molly,Doherty,Female,Palau,10/9/1959
695,Carrie,Isaac,Female,Croatia,8/13/1978
696,Macy,Nash,Female,Tanzania,1/10/1994
697,Angelique,Wade,Female,Palau,4/20/1955
698,Nancy,Martin,Female,Tunisia,12/8/1965
699,Ruth,Warner,Female,Sudan,11/28/1997
700,Amelia,Allwood,Female,Finland,3/16/1987
701,Wendy,Knight,Female,Zambia,10/29/1970
702,Mary,Appleton,Female,Iraq,11/28/1982
703,Mandy,James,Female,India,8/18/1952
704,Georgia,Donovan,Female,Kazakhstan,11/8/1971
705,Kate,Reid,Female,Russia,12/30/1971
706,Marina,Little,Female,Iceland,8/11/1960
707,Karen,Morgan,Female,Israel,10/4/1965
708,Moira,Farmer,Female,Netherlands,12/13/1981
709,Gloria,Morrow,Female,Namibia,6/20/1962
710,Tiffany,Cameron,Female,"Sudan, South",6/1/1997
711,Rosalie,Long,Female,India,1/16/1965
712,Meredith,Penn,Female,Vanuatu,12/24/1986
713,Eve,Lloyd,Female,Samoa,7/17/1984
714,Sadie,Rycroft,Female,Guinea-Bissau,3/24/1990
715,Sarah,Watson,Female,Seychelles,2/26/1952
716,Blake,Burge,Female,Jamaica,5/14/1982
717,Stacy,Oldfield,Female,Finland,7/17/1966
718,Maia,Lindop,Female,Japan,10/25/1988
719,Gloria,Reese,Female,Albania,10/17/1974
720,Helen,Johnson,Female,Ghana,11/28/1957
721,Janice,Cadman,Female,San Marino,4/6/1986
722,Cassidy,Wild,Female,Vanuatu,9/17/1985
723,Catherine,Forth,Female,Kyrgyzstan,10/19/1951
724,Margaret,Palmer,Female,Ghana,10/19/1977
725,Morgan,Hobson,Female,Jamaica,1/19/1953
726,Janelle,Ebbs,Female,Ireland,4/28/1996
727,Penny,Reid,Female,Eritrea,2/21/1995
728,Lily,Potter,Female,India,1/15/1961
729,Celina,Middleton,Female,Germany,10/17/1955
730,Mandy,Abbot,Female,Denmark,5/19/1955
731,Kassandra,Squire,Female,Mexico,1/12/1990
732,Helen,Exton,Female,Cuba,3/8/2000
733,Parker,Chester,Female,Mexico,1/24/1978
734,Ellen,Hall,Female,Lesotho,11/12/1950
735,Margot,Thompson,Female,Dominican Republic,2/14/1974
736,Tess,Rixon,Female,Burkina Faso,5/15/1991
737,Kamila,Gallacher,Female,Myanmar,11/5/1969
738,Sydney,Cadman,Female,Monaco,11/8/1954
739,Cynthia,Kidd,Female,Saint Kitts and Nevis,4/1/1965
740,Elly,Brennan,Female,USA,6/10/1978
741,Colleen,Sylvester,Female,The Bahamas,7/11/1979
742,Faith,Kennedy,Female,Guinea-Bissau,8/31/1980
743,Eryn,Ogilvy,Female,Oman,10/8/1962
744,Belinda,Warden,Female,Hungary,10/15/1977
745,Lindsay,Ross,Female,Monaco,5/18/1973
746,Martha,Newman,Female,Italy,8/1/1967
747,Rosalee,Wise,Female,Lesotho,5/7/1983
748,Sabina,Alexander,Female,Belarus,5/9/1999
749,Tess,Poole,Female,Cambodia,6/26/1955
750,Eileen,Higgs,Female,Tanzania,12/24/1966
751,Stella,Shaw,Female,Mexico,7/14/2000
752,Carol,Selby,Female,Guinea-Bissau,2/2/1995
753,Sydney,Carter,Female,Mauritania,5/28/1973
754,Maya,Fox,Female,Portugal,3/3/1986
755,Audrey,Mackenzie,Female,Solomon Islands,5/3/1959
756,Samantha,Kidd,Female,Libya,2/1/1953
757,Chloe,Nurton,Female,Oman,6/29/1982
758,Maribel,Windsor,Female,Moldova,9/29/1999
759,Bridget,Porter,Female,Lesotho,11/5/1971
760,Tiffany,Reese,Female,Uzbekistan,2/22/1988
761,Kate,Oldfield,Female,Haiti,8/10/1964
762,Mary,Gallacher,Female,Saint Kitts and Nevis,2/29/1968
763,Bridget,Redfern,Female,Ethiopia,6/1/1981
764,Sonya,Ulyatt,Female,Panama,8/22/1961
765,Aisha,Connor,Female,Thailand,9/3/1996
766,Jennifer,Goodman,Female,Poland,7/1/1985
767,Jenna,Murphy,Female,Seychelles,6/22/1980
768,Nancy,Cooper,Female,Sudan,1/10/1952
769,Gina,Plant,Female,Egypt,6/23/1990
770,Makenzie,Malone,Female,"Korea, South",9/19/1962
771,Cherish,Brennan,Female,Argentina,7/13/1966
772,Angela,Jefferson,Female,Kyrgyzstan,7/29/1974
773,Leslie,Chapman,Female,Nicaragua,12/2/1968
774,Michaela,Jackson,Female,Mali,7/3/1964
775,Ellen,Healy,Female,Cameroon,4/22/1981
776,Harriet,Cadman,Female,Cabo Verde,7/10/1971
777,Emma,Bryson,Female,Norway,8/12/1988
778,Rihanna,Barrett,Female,Brazil,10/26/1990
779,Chelsea,Little,Female,Hungary,5/13/1966
780,Rose,Bayliss,Female,Côte d’Ivoire,7/17/1977
781,Jazmin,Roth,Female,Singapore,7/11/1978
782,Davina,Quinnell,Female,Belgium,3/21/1981
783,Remy,Collis,Female,Oman,8/6/1975
784,Crystal,Martin,Female,Afghanistan,8/3/1999
785,Camila,Mills,Female,El Salvador,10/21/1972
786,Livia,Cassidy,Female,Burkina Faso,7/15/1970
787,Charlotte,Denton,Female,Denmark,7/9/1962
788,Zoe,Wheeler,Female,Nauru,2/14/1958
789,Aisha,Stewart,Female,Denmark,1/31/1957
790,Belinda,Patel,Female,East Timor (Timor-Leste),6/22/1979
791,Juliette,Lomax,Female,South Africa,1/16/1997
792,Liliana,Richards,Female,China,10/14/1955
793,Cynthia,Blythe,Female,Eritrea,6/20/1981
794,Savannah,Latham,Female,Turkmenistan,12/18/1956
795,Carrie,Benfield,Female,Liechtenstein,2/8/1961
796,Carol,Keys,Female,Tajikistan,2/26/2000
797,Ruby,Wilkinson,Female,Bangladesh,1/10/1950
798,Taylor,Robertson,Female,Venezuela,5/31/1978
799,Francesca,Bolton,Female,Bosnia and Herzegovina,4/16/1988
800,Doris,Varley,Female,Swaziland,8/27/1970

